{"(a,b)": [[-1.0744468052985368, -0.9960551554017736], [1.0744468052985368, -0.805574350497053], [-0.9065516656757453, -0.9960551554017736], [1.0744468052985368, -0.805574350497053]], "save_min_error_A": [0.12429940337833362, 0.1480211197722099, 0.13087616552949094, 0.1480211197722099], "save_min_error_B": [3721099.4925487493, 1721101.5191722924, 2456860.2452642866, 1721101.5191722924], "min_error": [0.0008524001006686931, 0.0014777602942843491, 0.0007671424273205416, 0.0014777602942843491], "save_solve_fullSystem_time": [0.00010180473327636719, 0.00011205673217773438, 9.822845458984375e-05, 9.799003601074219e-05], "save_solve_nn_time": [2.554809808731079, 2.582716226577759, 2.5253570079803467, 2.3634610176086426]}